user_name,following,follower,n_likes
['10mmahedi'],1,630.2K,10.3M
['robinrafan'],2673,4.6M,86.2M
['_powshi_'],13,48.4K,677.7K
['bdmall.com.bd'],11,24.3K,318.9K
['mariya.sultana763'],91,950,3523
['jhaltech'],2,184.4K,3.1M
['titu00075'],2,4412,23.7K
['lifeismeow'],618,27.3K,611.4K
['sh.arpita'],6,5938,145.7K
['mehazabienchowdhury'],29,2.6M,17.1M
['zainulabdin12346'],812,3236,97.6K
['kayasxbang6'],212,3175,11.4K
['miftahul.jannat___'],11,6533,78.5K
['angel__sadia__07'],75,2725,80.1K
['rrshahed'],18,36,381
['tanzina.niloy'],8,1366,15.9K
['soniaislam4'],30,26K,284.3K
['rajoanahmedfahim'],678,1356,9160
['nowshin_rh_anika'],70,117.2K,2.6M
['mix_couple_'],15,166.8K,3.8M
['ismail.siam'],4,285.2K,6.3M
['sabila.nur'],204,551.8K,3.1M
['asthetichidayah'],0,1398,6837
['az_tanvir'],655,3487,72.5K
['forhad_002'],3,2716,36.6K
['nadia.brishty'],111,208.8K,1.8M
['sunsinenila'],27,434.1K,7M
['marufbhuiyan10k'],21,61.2K,2M
['hdgirhfhhdh'],1054,2188,9311
['arabiii_jannat'],60,37.3K,937.9K
['the_gallery_09'],218,77.8K,2.3M
['taju552'],8,73.7K,989.2K
['sadiaa5000'],475,7471,89.3K
['nuzairah_anzish'],1143,4643,55.3K
['abw_faisal'],239,2424,6675
['sa_salim_99'],25,58.1K,592.3K
['srofficialbd'],7,3572,8992
['nusratmim3073'],1255,13.7K,222.3K
['jahidhassan_8'],14,240.4K,9.7M
['maruf_hussain2'],44,98.8K,1.8M
['sadiya7x28'],12,3973,10.5K
['hrrahul363'],5,226.3K,2.5M
['rakibar295'],52,2438,141.1K
['aitekbd_onlineshop'],0,97.8K,1.4M
['mdrubelkhan69443'],786,93.2K,754.7K
['mdrobiul7136'],233,311.7K,5.5M
['arif.sunny'],22,5795,110.6K
['darkchilld1'],31,2529,17.6K
['jahidahmed1910'],1265,6800,114.6K
['americanroadtrips'],417,71.2K,2.2M
['warmaniac0'],6,16K,274.9K
['japankatiger'],18,674.8K,10.8M
['chenxily'],9,23.6K,314.6K
['keepsiekits'],144,7696,169.3K
['ogaobinnatiktok'],56,438.5K,7.3M
['cotopaxiofficial'],84,43.2K,500.9K
['pinktravelogue'],211,88.6K,3.3M
['thetalesofatraveler'],0,39.3K,401.4K
['carolinemcquistin'],801,119.5K,4.6M
['rentmount'],48,169.3K,405.1K
['sambentley'],86,1.1M,29.5M
['dazing.soul'],236,24.4K,2M
['parlasostenibilee'],84,44.3K,1.5M
['iberostar'],0,69.9K,368.7K
['africanheritagecity'],7103,104.4K,1.6M
['sarahbmarks'],145,71.9K,2.9M
['thetalesofatraveler'],0,39.3K,401.4K
['elliottontheroad'],16,1141,9235
['ningaloocrew'],126,3241,43.2K
['therailvoyage'],146,2015,80.8K
['dieneuenerzieher'],11,5325,934.1K
['kosmetyki_w_podrozy'],207,923,10.7K
['sebastian_schieren'],120,3.9M,73.8M
['therailvoyage'],146,2015,80.8K
['jess.cliftonn'],642,340.8K,14.9M
['thetalesofatraveler'],0,39.3K,401.4K
['interestingengineering'],4,1.5M,14M
['stubbosfits'],256,237.5K,5.5M
['hilal.digital'],0,978,4102
['ig_adelle'],150,2349,125.4K
['podere.prasiano'],11,301,4853
['elliottontheroad'],16,1141,9235
['elliottontheroad'],16,1141,9235
['wastehero'],0,1186,26.1K
['krystalynngier'],1136,46.9K,1.8M
['madisonbrookstravel'],198,323.3K,12.3M
['guidetouristiquetogo_'],4279,19.1K,132.7K
['thetalesofatraveler'],0,39.3K,401.4K
['elephant.sanctuary'],2,970,2923
['theloucation'],58,108,22.5K
['experiencegoldcoast'],300,110.7K,1.2M
['sophiaxverde'],1219,79.8K,8.5M
['delilah_isabel'],378,79.5K,6M
['sophiaxverde'],1219,79.8K,8.5M
['einfachanke'],266,12.5K,694.5K
['aralleida'],0,8965,105.6K
['xiapismnaturaldye'],511,349,1011
['thetalesofatraveler'],0,39.3K,401.4K
['podere.prasiano'],11,301,4853
['goclimate'],26,129,1585
['worldeconomicforum'],73,1.7M,18.7M
['veganabitofall'],49,34.5K,381.6K
['maisondesgars'],20,15,797
['prokop2206'],39,23.5K,135.8K
['chamellow3'],251,44.4K,375.6K
['visitkristinestad'],14,929,7300
['robecs'],3271,24K,2.1M
['elliottontheroad'],16,1141,9235
['naturescanner'],321,4688,19.8K
['sophiaxverde'],1219,79.8K,8.5M
['hi_iceland'],61,185,1617
['thrillist'],138,143.2K,3M
['findyourownhope'],689,16.3K,335.3K
['sustain_yrself'],9,2131,20.2K
['visitkristinestad'],14,929,7300
['electron_youtube'],105,112.6K,1.5M
['visitfinland.com'],82,24.3K,207.7K
['walkstours'],34,425,2434
['ig_adelle'],150,2349,125.4K
['elliottontheroad'],16,1141,9235
['hannahtizedes'],233,3772,327.1K
['visitkristinestad'],14,929,7300
['discoverireland.ie'],123,17.7K,238.7K
['chargeholidays'],170,186,7509
['elliottontheroad'],16,1141,9235
['nz_escapes'],131,386,1324
['pan.dora.a'],33,162,46.5K
['chargeholidays'],170,186,7509
['swedish.wilderness'],67,611,3811
['projectsabroad'],65,9950,137.9K
['elliottontheroad'],16,1141,9235
['elliottontheroad'],16,1141,9235
['gittemary'],355,23.4K,670.6K
['jessicakleczka'],142,3341,41.1K
['visitkristinestad'],14,929,7300
['olivestonefarmcottages'],0,177,638
['aviganlife'],405,1086,111K
['exploringafricasafaris'],4800,15.2K,172.5K
['cradleboutiquehotel'],183,24.3K,96.6K
['worldeconomicforum'],73,1.7M,18.7M
['mariocaravera'],3,2813,73.6K
['worldpackers'],1169,213.4K,2.3M
['jessicakleczka'],142,3341,41.1K
['madu_river_safari'],3,1165,13.6K
['podere.prasiano'],11,301,4853
['hotelplantacion'],54,388,4173
['serenityhl'],205,1405,8384
['capt_kika'],19,4784,28.9K
['discover_soneva'],19,432.3K,1.4M
['iam.beverlyn'],157,1872,6696
['electro_diva_ua'],28,22.7K,216K
['chargeholidays'],170,186,7509
['flavinhomochileiro'],886,1517,5594
['petitsbonheursdefilles'],13,47,4592
['meredith.sandiego'],400,312,8928
['safaricapetownza'],47,531,3190
['muhammadiftikharm04'],20,489,5023
['zainpma'],9914,24.5K,397.2K
['coastal_airbnbs'],5352,13.2K,110.2K
['visitkristinestad'],14,929,7300
['cassinnash'],71,96,3784
['exploringafricasafaris'],4800,15.2K,172.5K
['for.rest.glamping'],14,350,585
['livingrooted'],895,1464,6440
['shopsilverlight'],5118,5331,40.1K
['clickandgo_holidays'],110,45.3K,144.8K
['pikaialodge'],9,388,4155
['habitat.renova'],78,552,3451
['planetconservation_'],63,143,2540
['visitkristinestad'],14,929,7300
['goinggreenmedia'],2723,57.1K,310.9K
['annathingbutanimals'],364,97.8K,8.7M
['sustainablefashiontalks'],11,1017,7911
['srilankanhotels'],3,3457,9045
['vegansofzuri'],59,226,2018
['olivestonefarmcottages'],0,177,638
['elliottontheroad'],16,1141,9235
['capt_kika'],19,4784,28.9K
['cwetravel'],1454,1360,21.2K
['jhanneu'],258,10.3K,231.7K
['chargeholidays'],170,186,7509
['therailvoyage'],146,2015,80.8K
['twinstravelsecrets'],645,2150,155.3K
['vueling'],170,119.2K,770.2K
['lauraabornstein'],781,55.4K,1M
['briannemwest'],1015,28.2K,593.7K
['redbus_my'],2,14.1K,38.4K
['casasahilgt'],227,558,2681
['srl.lanka.airport'],13,7430,42.8K
['lanyulaculturalvillage'],9983,22.7K,166.7K
['upupandgrow_'],5,70,2784
['worldpackers'],1169,213.4K,2.3M
['dreamartphotographykandy'],2,10.3K,160.2K
['visitpuumala'],272,2226,103.1K
['orangutantour'],9751,40.3K,1.1M
['rukh_inlux'],1,380,3474
['hotelplantacion'],54,388,4173
['secret.retreats'],3,45,786
['portugalgreat'],2025,1919,6939
['transportactionnetwork'],10,73,1806
['worldpackers'],1169,213.4K,2.3M
['travelwthb'],1083,1290,3185
['visitkristinestad'],14,929,7300
['feljin_jose'],60,436,7986
['olooksafaris'],69,796,5727
['elliottontheroad'],16,1141,9235
['poranki_w_kenii'],39,1452,15.9K
['plasticfreelifebulgaria'],712,5961,61.7K
['worldpackers'],1169,213.4K,2.3M
['lensofthetraveler'],109,191,3064
['coolstays'],184,62.8K,794.9K
['ecosathi_nepal'],995,10.7K,280.4K
['n8one'],19,23,488
['gittemary'],355,23.4K,670.6K
['franesg'],41,42,1666
['johnapabon'],138,81.8K,3.3M
['wastehero'],0,1186,26.1K
['ninaathill'],1333,3124,349.5K
['yugenearthside'],95,1167,21.5K
['mantior222'],41,234,1597
['aralleida'],0,8965,105.6K
['planetconservation_'],63,143,2540
['elliottontheroad'],16,1141,9235
['akasha.retreats'],25,68,896
['adventuresofalicee'],106,928,6832
['alexbelmont44'],17,347,8550
['barbienaestrada'],40,1299,46.4K
['travelout_now'],165,57,2316
['marishkkk.ka'],18,52,2316
['naturewonders.world'],822,315,1629
['planetconservation_'],63,143,2540
['travelout_now'],165,57,2316
[],138,143.2K,3M
['alexisintheair'],854,5557,704.7K
['sue.auris'],1,26,2276
['thefantasticcompany'],61,12.5K,121.4K
['ape2o'],12,27,212
['chargeholidays'],170,186,7509
['elliottontheroad'],16,1141,9235
['elliottontheroad'],16,1141,9235
['einfachanke'],266,12.5K,694.5K
['orangutantour'],9751,40.3K,1.1M
['elliottontheroad'],16,1141,9235
['happygringotravel'],3644,2585,14.7K
['dkgr_'],157,95,2097
['chargeholidays'],170,186,7509
['abbiedewhurst'],189,73.8K,1.7M
['travelout_now'],165,57,2316
['glamplinglaestrella'],9,1291,3702
['planetconservation_'],63,143,2540
['chargeholidays'],170,186,7509
['veronicalavil'],461,732,48.1K
['discoverireland.ie'],123,17.7K,238.7K
['kosay_bali'],349,950,13.7K
['getmintly'],269,3869,47.9K
['geraibarra_'],1946,1137,2748
['discovergreece.com'],10,30.4K,252.1K
['naturewithliam'],83,885,55.9K
['dayouts.lk'],1,28,311
['goodriddancemozzie'],25,261,918
['iberostar'],0,69.9K,368.7K
['applevacations'],18,1786,13.1K
['johnsonscoaches'],21,1140,4437
['visit.keswick'],17,1310,12K
['napuadance'],663,3137,15.3K
['binnysfoodandtravel'],950,1900,63.4K
['elliottontheroad'],16,1141,9235
['bamboozora'],2,39,1617
['vivaverdeturismo'],11,14,186
['hichamzagori1'],2120,26.4K,375K
['wanderinginwunder'],8,84,2255
['luis.najera01'],325,2205,28.4K
['matinhontheroad'],18,47,890
['hi_iceland'],61,185,1617
['david_trvlr'],11,60,467
['drmaryannprinsloo'],56,314,2534
['opreismetco'],211,476,6302
['budiartiannisa'],363,4134,348.6K
['nicosecond26'],7,635,600
['dayouts.lk'],1,28,311
['thredmag'],1374,2681,564.9K
['trytobe_a_good_one'],0,8,999
['jungleculture.eco'],412,17.8K,243.8K
['roma.wells.private'],548,263,645
['worldpackers'],1169,213.4K,2.3M
['ontours.app'],2,23,332
['meredith.sandiego'],400,312,8929
['planetconservation_'],63,143,2540
['nature.to.relax.you'],8525,19.6K,11K
['ormaguides'],22,225,6409
['orangutantour'],9751,40.3K,1.1M
['travelblue.id'],0,369,2974
['maisondesgars'],20,15,797
['localbird.international'],9,11,257
['elliottontheroad'],16,1141,9235
['rebeccaadventuretravel'],72,467,6474
['lily.andrassy'],121,29,563
['olivestonefarmcottages'],0,177,638
['sustainably_rosalie'],396,24K,2.2M
['truecommunities'],17,21,182
['therailvoyage'],146,2015,80.8K
['welcometogambia'],814,3966,25.2K
['elliottontheroad'],16,1141,9235
['ormaguides'],22,225,6409
['elliottontheroad'],16,1141,9235
['chargeholidays'],170,186,7509
['iberostar'],0,69.9K,368.8K
['hostel.kimmell'],41,1139,7980
['worldpackers'],1169,213.4K,2.3M
['thelodgerrmr'],103,75,296
['frankchbtours'],305,631,7027
['wandersmiles'],406,1468,7792
['ecolodge.mucangchai'],7,1449,3178
['stanton_arlberg_official'],9,12.4K,231.2K
['ijazahmedkhan31'],0,908,3420
['albanianhighlands'],21,18,124
['veggiewayfarer'],166,3868,241.9K
['osgsocial'],1144,21.1K,160K
['iberostar'],0,69.9K,368.8K
['coolstays'],184,62.8K,794.9K
['mindo.travel'],235,3079,10.8K
['petitsbonheursdefilles'],13,47,4592
['4changemarketing'],34,173,3537
['suchipakariamazonlodge'],9160,10.4K,52.8K
['cwetravel'],1454,1360,21.2K
['timeouttravel'],17,5102,262.9K
['soso__swim'],212,44K,1.5M
['agriturismi'],0,490,1034
['chilled_keke'],9031,15.6K,43.5K
['bhubeing'],3,31,1049
['spheranetwork'],43,552,13.6K
['martagtavares'],100,905,13.3K
['unlockdiscovery'],46,48,1622
['outbackodyssey'],92,9381,331.5K
['that.travel'],673,1025,9499
['slojourn'],113,2599,47K
['2gocup'],2379,1336,19.6K
['ecoway.id'],124,659,5450
['iberostar'],0,69.9K,368.8K
['geraibarra_'],1946,1137,2748
['elliottontheroad'],16,1141,9235
['consciouslycerys'],74,180,1647
['jungleculture.eco'],412,17.8K,243.8K
['global_anago_adventures'],2693,1320,2818
['cityshuttleltd'],0,21.4K,219.9K
['habitat.renova'],78,552,3451
['foodgrowersunited'],89,449,1887
['travelout_now'],165,57,2316
['anyamizi'],396,9154,346.2K
['xiao.ignace.mauritius'],202,4138,11.7K
['inspirify.me'],44,911,31.8K
['wildaboutlapland'],18,432,4903
['geraibarra_'],1946,1137,2748
['akasha.retreats'],25,68,896
['realnewzealand'],88,1240,9359
